{
  "embedder": "all-mpnet-base-v2",
  "config": {
    "type": "sentence-all-mpnet-base-v2",
    "dim": 768,
    "description": "Higher quality sentence-transformer"
  },
  "projection_mode": "native",
  "use_projection": false,
  "clustering": {
    "embedder": "all-mpnet-base-v2",
    "n_samples": 1520,
    "n_clusters": 10,
    "silhouette_score": 0.03523223474621773,
    "adjusted_rand_index": 0.320952907111395,
    "avg_intra_cluster_similarity": 0.33962568640708923,
    "avg_inter_cluster_similarity": 0.27427318692207336,
    "cluster_separation": 0.06535249948501587
  },
  "classification": {
    "embedder": "all-mpnet-base-v2",
    "n_samples": 1520,
    "dataset_classification": {
      "cv_accuracy_mean": 0.9953947368421053,
      "cv_accuracy_std": 0.003354618101047867,
      "test_accuracy": 0.993421052631579,
      "test_f1": 0.9923409269442264
    },
    "tool_classification": {
      "cv_accuracy_mean": 0.6322368421052632,
      "cv_accuracy_std": 0.217258717697386,
      "test_accuracy": 0.6710526315789473,
      "test_f1": 0.654646674156656
    },
    "average_accuracy": 0.8322368421052632,
    "average_f1": 0.8234938005504412
  },
  "complexity": {
    "embedder": "all-mpnet-base-v2",
    "n_samples": 1520,
    "regression": {
      "train_mse": 0.00986902531308091,
      "test_mse": 0.015568911252606378,
      "train_r2": 0.8637748342554434,
      "test_r2": 0.7925221469655326
    },
    "ranking": {
      "spearman_train": 0.9248110663070646,
      "spearman_test": 0.8931977516784741,
      "pearson_test": 0.890609530634425,
      "ranking_accuracy_train": 0.8750054147714966,
      "ranking_accuracy_test": 0.8556322737536911
    },
    "complexity_score": 0.8428599493220034
  },
  "retrieval": {
    "embedder": "all-mpnet-base-v2",
    "n_samples": 1520,
    "n_queries_evaluated": 100,
    "within_dataset": {
      "recall_at_k_mean": 0.009919839679358715,
      "recall_at_k_std": 0.0009969813999064327,
      "ndcg_at_k_mean": 0.99,
      "ndcg_at_k_std": 0.09949874371066199
    },
    "cross_dataset": {
      "recall_at_k_mean": 0.0,
      "recall_at_k_std": 0.0,
      "ndcg_at_k_mean": 0.0,
      "ndcg_at_k_std": 0.0
    },
    "combined_retrieval_score": 0.24997995991983968
  },
  "decision_prediction": {
    "embedder": "all-mpnet-base-v2",
    "n_samples": 1520,
    "workflow_prediction": {
      "accuracy": 0.680921052631579,
      "f1": 0.6685904289500371
    },
    "tool_prediction": {
      "accuracy": 0.694078947368421,
      "f1": 0.6495600468849204
    },
    "budget_prediction": {
      "accuracy": 0.881578947368421,
      "f1": 0.8805362524567103
    },
    "combined_accuracy": 0.47368421052631576,
    "average_accuracy": 0.7521929824561404,
    "decision_score": 0.6825657894736843
  },
  "total_time_seconds": 56.000446796417236
}