{
  "embedder": "all-MiniLM-L6-v2",
  "config": {
    "type": "sentence-all-MiniLM-L6-v2",
    "dim": 384,
    "description": "Fast, lightweight sentence-transformer"
  },
  "projection_mode": "native",
  "use_projection": false,
  "clustering": {
    "embedder": "all-MiniLM-L6-v2",
    "n_samples": 1520,
    "n_clusters": 10,
    "silhouette_score": 0.033201929181814194,
    "adjusted_rand_index": 0.32224335013034766,
    "avg_intra_cluster_similarity": 0.28956061601638794,
    "avg_inter_cluster_similarity": 0.20938485860824585,
    "cluster_separation": 0.08017575740814209
  },
  "classification": {
    "embedder": "all-MiniLM-L6-v2",
    "n_samples": 1520,
    "dataset_classification": {
      "cv_accuracy_mean": 0.9901315789473685,
      "cv_accuracy_std": 0.002942194707236599,
      "test_accuracy": 0.9835526315789473,
      "test_f1": 0.9806815473930361
    },
    "tool_classification": {
      "cv_accuracy_mean": 0.6335526315789474,
      "cv_accuracy_std": 0.2014662320570864,
      "test_accuracy": 0.6546052631578947,
      "test_f1": 0.6234344432287668
    },
    "average_accuracy": 0.819078947368421,
    "average_f1": 0.8020579953109015
  },
  "complexity": {
    "embedder": "all-MiniLM-L6-v2",
    "n_samples": 1520,
    "regression": {
      "train_mse": 0.012639341787412625,
      "test_mse": 0.01750877336230812,
      "train_r2": 0.8255353112115106,
      "test_r2": 0.7666707294082227
    },
    "ranking": {
      "spearman_train": 0.9025572363565323,
      "spearman_test": 0.8808240860919091,
      "pearson_test": 0.8756485099611365,
      "ranking_accuracy_train": 0.8573153562919644,
      "ranking_accuracy_test": 0.846512940767761
    },
    "complexity_score": 0.8237474077500659
  },
  "retrieval": {
    "embedder": "all-MiniLM-L6-v2",
    "n_samples": 1520,
    "n_queries_evaluated": 100,
    "within_dataset": {
      "recall_at_k_mean": 0.012290897584642963,
      "recall_at_k_std": 0.025257079962445212,
      "ndcg_at_k_mean": 0.9781752936530793,
      "ndcg_at_k_std": 0.12854753520820184
    },
    "cross_dataset": {
      "recall_at_k_mean": 5.545696539485359e-05,
      "recall_at_k_std": 0.0005461877662930405,
      "ndcg_at_k_mean": 0.003947477624842262,
      "ndcg_at_k_std": 0.038878145802843274
    },
    "combined_retrieval_score": 0.24861728145698986
  },
  "decision_prediction": {
    "embedder": "all-MiniLM-L6-v2",
    "n_samples": 1520,
    "workflow_prediction": {
      "accuracy": 0.6513157894736842,
      "f1": 0.5776019477277677
    },
    "tool_prediction": {
      "accuracy": 0.6743421052631579,
      "f1": 0.6334763293752055
    },
    "budget_prediction": {
      "accuracy": 0.8848684210526315,
      "f1": 0.8852870176266133
    },
    "combined_accuracy": 0.41118421052631576,
    "average_accuracy": 0.7368421052631579,
    "decision_score": 0.6554276315789473
  },
  "total_time_seconds": 34.776567697525024
}