{
  "embedder": "all-MiniLM-L12-v2",
  "config": {
    "type": "sentence-all-MiniLM-L12-v2",
    "dim": 384,
    "description": "Larger MiniLM variant"
  },
  "projection_mode": "native",
  "use_projection": false,
  "clustering": {
    "embedder": "all-MiniLM-L12-v2",
    "n_samples": 1520,
    "n_clusters": 10,
    "silhouette_score": 0.034609604626894,
    "adjusted_rand_index": 0.3115722346875329,
    "avg_intra_cluster_similarity": 0.33237558603286743,
    "avg_inter_cluster_similarity": 0.2752966284751892,
    "cluster_separation": 0.05707895755767822
  },
  "classification": {
    "embedder": "all-MiniLM-L12-v2",
    "n_samples": 1520,
    "dataset_classification": {
      "cv_accuracy_mean": 0.9888157894736842,
      "cv_accuracy_std": 0.001611506409725821,
      "test_accuracy": 0.9835526315789473,
      "test_f1": 0.9770551878440006
    },
    "tool_classification": {
      "cv_accuracy_mean": 0.6434210526315789,
      "cv_accuracy_std": 0.19637469131887061,
      "test_accuracy": 0.7039473684210527,
      "test_f1": 0.6858504740623058
    },
    "average_accuracy": 0.84375,
    "average_f1": 0.8314528309531533
  },
  "complexity": {
    "embedder": "all-MiniLM-L12-v2",
    "n_samples": 1520,
    "regression": {
      "train_mse": 0.011828847690218957,
      "test_mse": 0.017146080283254993,
      "train_r2": 0.8367228083779075,
      "test_r2": 0.7715041297745974
    },
    "ranking": {
      "spearman_train": 0.9101346411340544,
      "spearman_test": 0.8880165695011379,
      "pearson_test": 0.8785147553610109,
      "ranking_accuracy_train": 0.8615307559021009,
      "ranking_accuracy_test": 0.8470123328122285
    },
    "complexity_score": 0.8297603496378676
  },
  "retrieval": {
    "embedder": "all-MiniLM-L12-v2",
    "n_samples": 1520,
    "n_queries_evaluated": 100,
    "within_dataset": {
      "recall_at_k_mean": 0.015082797173293949,
      "recall_at_k_std": 0.03543929965193545,
      "ndcg_at_k_mean": 1.0,
      "ndcg_at_k_std": 0.0
    },
    "cross_dataset": {
      "recall_at_k_mean": 0.0,
      "recall_at_k_std": 0.0,
      "ndcg_at_k_mean": 0.0,
      "ndcg_at_k_std": 0.0
    },
    "combined_retrieval_score": 0.25377069929332347
  },
  "decision_prediction": {
    "embedder": "all-MiniLM-L12-v2",
    "n_samples": 1520,
    "workflow_prediction": {
      "accuracy": 0.6414473684210527,
      "f1": 0.5749869942925016
    },
    "tool_prediction": {
      "accuracy": 0.7039473684210527,
      "f1": 0.6608108055528356
    },
    "budget_prediction": {
      "accuracy": 0.8914473684210527,
      "f1": 0.8914473684210527
    },
    "combined_accuracy": 0.42105263157894735,
    "average_accuracy": 0.7456140350877193,
    "decision_score": 0.6644736842105263
  },
  "total_time_seconds": 45.56664538383484
}