{
  "embedder": "all-MiniLM-L12-v2",
  "config": {
    "type": "sentence-all-MiniLM-L12-v2",
    "dim": 384,
    "description": "Larger MiniLM variant"
  },
  "projection_mode": "projected",
  "use_projection": true,
  "clustering": {
    "embedder": "all-MiniLM-L12-v2",
    "n_samples": 1520,
    "n_clusters": 10,
    "silhouette_score": 0.03742976486682892,
    "adjusted_rand_index": 0.3125297751245621,
    "avg_intra_cluster_similarity": 0.3174431324005127,
    "avg_inter_cluster_similarity": 0.26337531208992004,
    "cluster_separation": 0.05406782031059265
  },
  "classification": {
    "embedder": "all-MiniLM-L12-v2",
    "n_samples": 1520,
    "dataset_classification": {
      "cv_accuracy_mean": 0.9861842105263158,
      "cv_accuracy_std": 0.0024616167018249842,
      "test_accuracy": 0.9868421052631579,
      "test_f1": 0.9803442600324795
    },
    "tool_classification": {
      "cv_accuracy_mean": 0.6368421052631579,
      "cv_accuracy_std": 0.19500337378997748,
      "test_accuracy": 0.6907894736842105,
      "test_f1": 0.6701038559422489
    },
    "average_accuracy": 0.8388157894736842,
    "average_f1": 0.8252240579873642
  },
  "complexity": {
    "embedder": "all-MiniLM-L12-v2",
    "n_samples": 1520,
    "regression": {
      "train_mse": 0.012855148427735826,
      "test_mse": 0.01803476403205786,
      "train_r2": 0.8225564663495121,
      "test_r2": 0.7596611567345029
    },
    "ranking": {
      "spearman_train": 0.9020798684690018,
      "spearman_test": 0.8776054048186089,
      "pearson_test": 0.8720584135883245,
      "ranking_accuracy_train": 0.8551995343296512,
      "ranking_accuracy_test": 0.8402813965607087
    },
    "complexity_score": 0.818633280776556
  },
  "retrieval": {
    "embedder": "all-MiniLM-L12-v2",
    "n_samples": 1520,
    "n_queries_evaluated": 100,
    "within_dataset": {
      "recall_at_k_mean": 0.011924902436451845,
      "recall_at_k_std": 0.01527082811357233,
      "ndcg_at_k_mean": 1.0,
      "ndcg_at_k_std": 0.0
    },
    "cross_dataset": {
      "recall_at_k_mean": 4.3514207388712415e-05,
      "recall_at_k_std": 0.0004285652409292941,
      "ndcg_at_k_mean": 0.005114957503488644,
      "ndcg_at_k_std": 0.050376489114089644
    },
    "combined_retrieval_score": 0.25427084353683227
  },
  "decision_prediction": {
    "embedder": "all-MiniLM-L12-v2",
    "n_samples": 1520,
    "workflow_prediction": {
      "accuracy": 0.6710526315789473,
      "f1": 0.6301948336975894
    },
    "tool_prediction": {
      "accuracy": 0.7006578947368421,
      "f1": 0.657360809261747
    },
    "budget_prediction": {
      "accuracy": 0.8881578947368421,
      "f1": 0.8878259266328198
    },
    "combined_accuracy": 0.4309210526315789,
    "average_accuracy": 0.7532894736842105,
    "decision_score": 0.6726973684210525
  },
  "total_time_seconds": 44.177406311035156
}