{
  "embedder": "clip-base",
  "config": {
    "type": "clip-ViT-B/32",
    "dim": 512,
    "description": "CLIP base ViT-B/32"
  },
  "projection_mode": "native",
  "use_projection": false,
  "clustering": {
    "embedder": "clip-base",
    "n_samples": 1520,
    "n_clusters": 10,
    "silhouette_score": 0.03984901309013367,
    "adjusted_rand_index": 0.32155027266875663,
    "avg_intra_cluster_similarity": 0.7129456400871277,
    "avg_inter_cluster_similarity": 0.8331188559532166,
    "cluster_separation": -0.12017321586608887
  },
  "classification": {
    "embedder": "clip-base",
    "n_samples": 1520,
    "dataset_classification": {
      "cv_accuracy_mean": 0.9789473684210526,
      "cv_accuracy_std": 0.003354618101047867,
      "test_accuracy": 0.9802631578947368,
      "test_f1": 0.9738132094943239
    },
    "tool_classification": {
      "cv_accuracy_mean": 0.6414473684210527,
      "cv_accuracy_std": 0.22078225946434832,
      "test_accuracy": 0.6776315789473685,
      "test_f1": 0.6408523834839626
    },
    "average_accuracy": 0.8289473684210527,
    "average_f1": 0.8073327964891432
  },
  "complexity": {
    "embedder": "clip-base",
    "n_samples": 1520,
    "regression": {
      "train_mse": 0.011000384522209616,
      "test_mse": 0.015070694542341967,
      "train_r2": 0.8481583381080569,
      "test_r2": 0.7991615921852008
    },
    "ranking": {
      "spearman_train": 0.9145610433559004,
      "spearman_test": 0.8872824242180272,
      "pearson_test": 0.8946546164974649,
      "ranking_accuracy_train": 0.8654320987654321,
      "ranking_accuracy_test": 0.8448410630536738
    },
    "complexity_score": 0.843222008201614
  },
  "retrieval": {
    "embedder": "clip-base",
    "n_samples": 1520,
    "n_queries_evaluated": 100,
    "within_dataset": {
      "recall_at_k_mean": 0.014862356291530425,
      "recall_at_k_std": 0.03548763753524075,
      "ndcg_at_k_mean": 0.9868225332538083,
      "ndcg_at_k_std": 0.10210118705790433
    },
    "cross_dataset": {
      "recall_at_k_mean": 0.00011204776461394572,
      "recall_at_k_std": 0.000880796818003272,
      "ndcg_at_k_mean": 0.009496699572177482,
      "ndcg_at_k_std": 0.06598113072898991
    },
    "combined_retrieval_score": 0.25282340922053254
  },
  "decision_prediction": {
    "embedder": "clip-base",
    "n_samples": 1520,
    "workflow_prediction": {
      "accuracy": 0.6973684210526315,
      "f1": 0.6521196214085588
    },
    "tool_prediction": {
      "accuracy": 0.7105263157894737,
      "f1": 0.6671507558790594
    },
    "budget_prediction": {
      "accuracy": 0.8947368421052632,
      "f1": 0.8948162979913551
    },
    "combined_accuracy": 0.4375,
    "average_accuracy": 0.7675438596491229,
    "decision_score": 0.6850328947368421
  },
  "total_time_seconds": 36.068984508514404
}