{
  "embedder": "clip-base",
  "config": {
    "type": "clip-ViT-B/32",
    "dim": 512,
    "description": "CLIP base ViT-B/32"
  },
  "projection_mode": "projected",
  "use_projection": true,
  "clustering": {
    "embedder": "clip-base",
    "n_samples": 1520,
    "n_clusters": 10,
    "silhouette_score": 0.03984901309013367,
    "adjusted_rand_index": 0.32155027266875663,
    "avg_intra_cluster_similarity": 0.7129456400871277,
    "avg_inter_cluster_similarity": 0.8331188559532166,
    "cluster_separation": -0.12017321586608887
  },
  "classification": {
    "embedder": "clip-base",
    "n_samples": 1520,
    "dataset_classification": {
      "cv_accuracy_mean": 0.9789473684210526,
      "cv_accuracy_std": 0.003354618101047867,
      "test_accuracy": 0.9802631578947368,
      "test_f1": 0.9738132094943239
    },
    "tool_classification": {
      "cv_accuracy_mean": 0.6414473684210527,
      "cv_accuracy_std": 0.22078225946434832,
      "test_accuracy": 0.6776315789473685,
      "test_f1": 0.6408523834839626
    },
    "average_accuracy": 0.8289473684210527,
    "average_f1": 0.8073327964891432
  },
  "complexity": {
    "embedder": "clip-base",
    "n_samples": 1520,
    "regression": {
      "train_mse": 0.011000384522209616,
      "test_mse": 0.015070694542341967,
      "train_r2": 0.8481583381080569,
      "test_r2": 0.7991615921852008
    },
    "ranking": {
      "spearman_train": 0.9145610433559004,
      "spearman_test": 0.8872824242180272,
      "pearson_test": 0.8946546164974649,
      "ranking_accuracy_train": 0.8654320987654321,
      "ranking_accuracy_test": 0.8448410630536738
    },
    "complexity_score": 0.843222008201614
  },
  "retrieval": {
    "embedder": "clip-base",
    "n_samples": 1520,
    "n_queries_evaluated": 100,
    "within_dataset": {
      "recall_at_k_mean": 0.009919839679358715,
      "recall_at_k_std": 0.0005206565553814259,
      "ndcg_at_k_mean": 0.9975979452442,
      "ndcg_at_k_std": 0.013759229253954947
    },
    "cross_dataset": {
      "recall_at_k_mean": 0.00019256575898041263,
      "recall_at_k_std": 0.001368956816163027,
      "ndcg_at_k_mean": 0.016215935563604806,
      "ndcg_at_k_std": 0.092834662860753
    },
    "combined_retrieval_score": 0.255981571561536
  },
  "decision_prediction": {
    "embedder": "clip-base",
    "n_samples": 1520,
    "workflow_prediction": {
      "accuracy": 0.7072368421052632,
      "f1": 0.6492254234086804
    },
    "tool_prediction": {
      "accuracy": 0.7105263157894737,
      "f1": 0.6671507558790594
    },
    "budget_prediction": {
      "accuracy": 0.8947368421052632,
      "f1": 0.8942553752803061
    },
    "combined_accuracy": 0.4375,
    "average_accuracy": 0.7708333333333334,
    "decision_score": 0.6875
  },
  "total_time_seconds": 34.31695103645325
}