{
  "embedder": "clip-large",
  "config": {
    "type": "clip-ViT-L/14",
    "dim": 768,
    "description": "CLIP large ViT-L/14"
  },
  "projection_mode": "projected",
  "use_projection": true,
  "clustering": {
    "embedder": "clip-large",
    "n_samples": 1520,
    "n_clusters": 10,
    "silhouette_score": 0.02808414027094841,
    "adjusted_rand_index": 0.32728289876799216,
    "avg_intra_cluster_similarity": 0.5455671548843384,
    "avg_inter_cluster_similarity": 0.7027647495269775,
    "cluster_separation": -0.15719759464263916
  },
  "classification": {
    "embedder": "clip-large",
    "n_samples": 1520,
    "dataset_classification": {
      "cv_accuracy_mean": 0.9822368421052632,
      "cv_accuracy_std": 0.002631578947368407,
      "test_accuracy": 0.9835526315789473,
      "test_f1": 0.9770711518889865
    },
    "tool_classification": {
      "cv_accuracy_mean": 0.6453947368421054,
      "cv_accuracy_std": 0.21902460998342937,
      "test_accuracy": 0.6578947368421053,
      "test_f1": 0.6237411095305833
    },
    "average_accuracy": 0.8207236842105263,
    "average_f1": 0.800406130709785
  },
  "complexity": {
    "embedder": "clip-large",
    "n_samples": 1520,
    "regression": {
      "train_mse": 0.011505923648601825,
      "test_mse": 0.016490103214097624,
      "train_r2": 0.8411802273931257,
      "test_r2": 0.7802459558239834
    },
    "ranking": {
      "spearman_train": 0.9096606470720309,
      "spearman_test": 0.8776529209273117,
      "pearson_test": 0.8836703423194461,
      "ranking_accuracy_train": 0.860622427983539,
      "ranking_accuracy_test": 0.8391740489838457
    },
    "complexity_score": 0.8289494383756475
  },
  "retrieval": {
    "embedder": "clip-large",
    "n_samples": 1520,
    "n_queries_evaluated": 100,
    "within_dataset": {
      "recall_at_k_mean": 0.009679358717434867,
      "recall_at_k_std": 0.0008528225583548382,
      "ndcg_at_k_mean": 0.9901369089098395,
      "ndcg_at_k_std": 0.04353139197950823
    },
    "cross_dataset": {
      "recall_at_k_mean": 0.00034104279372901194,
      "recall_at_k_std": 0.0013811164099444947,
      "ndcg_at_k_mean": 0.03593199624897551,
      "ndcg_at_k_std": 0.13501140586666144
    },
    "combined_retrieval_score": 0.2590223266674947
  },
  "decision_prediction": {
    "embedder": "clip-large",
    "n_samples": 1520,
    "workflow_prediction": {
      "accuracy": 0.7006578947368421,
      "f1": 0.6861369356575931
    },
    "tool_prediction": {
      "accuracy": 0.694078947368421,
      "f1": 0.6525975499092558
    },
    "budget_prediction": {
      "accuracy": 0.8914473684210527,
      "f1": 0.8917400671206437
    },
    "combined_accuracy": 0.4967105263157895,
    "average_accuracy": 0.7620614035087719,
    "decision_score": 0.6957236842105263
  },
  "total_time_seconds": 37.06865835189819
}