{
  "embedder": "clip-base-patch16",
  "config": {
    "type": "clip-ViT-B/16",
    "dim": 512,
    "description": "CLIP base ViT-B/16"
  },
  "projection_mode": "projected",
  "use_projection": true,
  "clustering": {
    "embedder": "clip-base-patch16",
    "n_samples": 1520,
    "n_clusters": 10,
    "silhouette_score": 0.03318910673260689,
    "adjusted_rand_index": 0.3691222052224794,
    "avg_intra_cluster_similarity": 0.6760439276695251,
    "avg_inter_cluster_similarity": 0.845192551612854,
    "cluster_separation": -0.16914862394332886
  },
  "classification": {
    "embedder": "clip-base-patch16",
    "n_samples": 1520,
    "dataset_classification": {
      "cv_accuracy_mean": 0.9796052631578946,
      "cv_accuracy_std": 0.0038361525623982033,
      "test_accuracy": 0.9802631578947368,
      "test_f1": 0.9737980437454935
    },
    "tool_classification": {
      "cv_accuracy_mean": 0.6592105263157894,
      "cv_accuracy_std": 0.20216324894593657,
      "test_accuracy": 0.6842105263157895,
      "test_f1": 0.6477455327096514
    },
    "average_accuracy": 0.8322368421052632,
    "average_f1": 0.8107717882275725
  },
  "complexity": {
    "embedder": "clip-base-patch16",
    "n_samples": 1520,
    "regression": {
      "train_mse": 0.010898425156848471,
      "test_mse": 0.01500567689626226,
      "train_r2": 0.8495657143184636,
      "test_r2": 0.8000280446557109
    },
    "ranking": {
      "spearman_train": 0.9153322450296153,
      "spearman_test": 0.8896929035703287,
      "pearson_test": 0.8947843985986502,
      "ranking_accuracy_train": 0.86647579597141,
      "ranking_accuracy_test": 0.8470557582073996
    },
    "complexity_score": 0.8448604741130198
  },
  "retrieval": {
    "embedder": "clip-base-patch16",
    "n_samples": 1520,
    "n_queries_evaluated": 100,
    "within_dataset": {
      "recall_at_k_mean": 0.014862356291530425,
      "recall_at_k_std": 0.03547971492408956,
      "ndcg_at_k_mean": 0.9904731966912032,
      "ndcg_at_k_std": 0.05479428458609365
    },
    "cross_dataset": {
      "recall_at_k_mean": 0.00024935312752771106,
      "recall_at_k_std": 0.0011403061109877305,
      "ndcg_at_k_mean": 0.035832436655941075,
      "ndcg_at_k_std": 0.15800230115021247
    },
    "combined_retrieval_score": 0.26035433569155053
  },
  "decision_prediction": {
    "embedder": "clip-base-patch16",
    "n_samples": 1520,
    "workflow_prediction": {
      "accuracy": 0.7039473684210527,
      "f1": 0.663237657547472
    },
    "tool_prediction": {
      "accuracy": 0.7072368421052632,
      "f1": 0.663831420642283
    },
    "budget_prediction": {
      "accuracy": 0.8947368421052632,
      "f1": 0.8950632174730209
    },
    "combined_accuracy": 0.4407894736842105,
    "average_accuracy": 0.7686403508771931,
    "decision_score": 0.6866776315789475
  },
  "total_time_seconds": 34.83358669281006
}