{
  "embedder": "clip-base-patch16",
  "config": {
    "type": "clip-ViT-B/16",
    "dim": 512,
    "description": "CLIP base ViT-B/16"
  },
  "projection_mode": "native",
  "use_projection": false,
  "clustering": {
    "embedder": "clip-base-patch16",
    "n_samples": 1520,
    "n_clusters": 10,
    "silhouette_score": 0.03318910673260689,
    "adjusted_rand_index": 0.3691222052224794,
    "avg_intra_cluster_similarity": 0.6760439276695251,
    "avg_inter_cluster_similarity": 0.845192551612854,
    "cluster_separation": -0.16914862394332886
  },
  "classification": {
    "embedder": "clip-base-patch16",
    "n_samples": 1520,
    "dataset_classification": {
      "cv_accuracy_mean": 0.9796052631578946,
      "cv_accuracy_std": 0.0038361525623982033,
      "test_accuracy": 0.9802631578947368,
      "test_f1": 0.9737980437454935
    },
    "tool_classification": {
      "cv_accuracy_mean": 0.6592105263157894,
      "cv_accuracy_std": 0.20216324894593657,
      "test_accuracy": 0.6842105263157895,
      "test_f1": 0.6477455327096514
    },
    "average_accuracy": 0.8322368421052632,
    "average_f1": 0.8107717882275725
  },
  "complexity": {
    "embedder": "clip-base-patch16",
    "n_samples": 1520,
    "regression": {
      "train_mse": 0.010898425156848471,
      "test_mse": 0.01500567689626226,
      "train_r2": 0.8495657143184636,
      "test_r2": 0.8000280446557109
    },
    "ranking": {
      "spearman_train": 0.9153322450296153,
      "spearman_test": 0.8896929035703287,
      "pearson_test": 0.8947843985986502,
      "ranking_accuracy_train": 0.86647579597141,
      "ranking_accuracy_test": 0.8470557582073996
    },
    "complexity_score": 0.8448604741130198
  },
  "retrieval": {
    "embedder": "clip-base-patch16",
    "n_samples": 1520,
    "n_queries_evaluated": 100,
    "within_dataset": {
      "recall_at_k_mean": 0.009739478957915831,
      "recall_at_k_std": 0.0010611785406712405,
      "ndcg_at_k_mean": 0.9883922032685287,
      "ndcg_at_k_std": 0.04613069526149126
    },
    "cross_dataset": {
      "recall_at_k_mean": 0.0004658041435549193,
      "recall_at_k_std": 0.001766112514855348,
      "ndcg_at_k_mean": 0.045156247387829314,
      "ndcg_at_k_std": 0.16807227783131168
    },
    "combined_retrieval_score": 0.2609384334394572
  },
  "decision_prediction": {
    "embedder": "clip-base-patch16",
    "n_samples": 1520,
    "workflow_prediction": {
      "accuracy": 0.680921052631579,
      "f1": 0.6269281439390629
    },
    "tool_prediction": {
      "accuracy": 0.7138157894736842,
      "f1": 0.6697641756897758
    },
    "budget_prediction": {
      "accuracy": 0.8947368421052632,
      "f1": 0.8950632174730209
    },
    "combined_accuracy": 0.4243421052631579,
    "average_accuracy": 0.7631578947368421,
    "decision_score": 0.6784539473684211
  },
  "total_time_seconds": 35.79761338233948
}