{
  "embedder": "flava-full",
  "config": {
    "type": "flava-full",
    "dim": 768,
    "description": "FLAVA full model - unified vision-language model"
  },
  "projection_mode": "projected",
  "use_projection": true,
  "clustering": {
    "embedder": "flava-full",
    "n_samples": 1520,
    "n_clusters": 10,
    "silhouette_score": 0.04077187925577164,
    "adjusted_rand_index": 0.33169273280097805,
    "avg_intra_cluster_similarity": 0.9078670740127563,
    "avg_inter_cluster_similarity": 0.8954356908798218,
    "cluster_separation": 0.01243138313293457
  },
  "classification": {
    "embedder": "flava-full",
    "n_samples": 1520,
    "dataset_classification": {
      "cv_accuracy_mean": 0.9822368421052632,
      "cv_accuracy_std": 0.003354618101047867,
      "test_accuracy": 0.9901315789473685,
      "test_f1": 0.9899363089018263
    },
    "tool_classification": {
      "cv_accuracy_mean": 0.6657894736842105,
      "cv_accuracy_std": 0.21388763974964314,
      "test_accuracy": 0.694078947368421,
      "test_f1": 0.6566755612808244
    },
    "average_accuracy": 0.8421052631578947,
    "average_f1": 0.8233059350913253
  },
  "complexity": {
    "embedder": "flava-full",
    "n_samples": 1520,
    "regression": {
      "train_mse": 0.013552656955123728,
      "test_mse": 0.015459587970250687,
      "train_r2": 0.8129285434556761,
      "test_r2": 0.7939790349612197
    },
    "ranking": {
      "spearman_train": 0.8953203371753313,
      "spearman_test": 0.8870707420941215,
      "pearson_test": 0.8917193779001904,
      "ranking_accuracy_train": 0.8513293264024259,
      "ranking_accuracy_test": 0.8462958137919055
    },
    "complexity_score": 0.8405248885276706
  },
  "retrieval": {
    "embedder": "flava-full",
    "n_samples": 1520,
    "n_queries_evaluated": 100,
    "within_dataset": {
      "recall_at_k_mean": 0.009879759519038075,
      "recall_at_k_std": 0.000708807181716529,
      "ndcg_at_k_mean": 0.9971204733007903,
      "ndcg_at_k_std": 0.015513180804353982
    },
    "cross_dataset": {
      "recall_at_k_mean": 0.0002061855670103093,
      "recall_at_k_std": 0.0020201977260067457,
      "ndcg_at_k_mean": 0.006504430449190284,
      "ndcg_at_k_std": 0.06373014267175273
    },
    "combined_retrieval_score": 0.2534277122090073
  },
  "decision_prediction": {
    "embedder": "flava-full",
    "n_samples": 1520,
    "workflow_prediction": {
      "accuracy": 0.6644736842105263,
      "f1": 0.5706496425203956
    },
    "tool_prediction": {
      "accuracy": 0.6710526315789473,
      "f1": 0.627540981680851
    },
    "budget_prediction": {
      "accuracy": 0.8651315789473685,
      "f1": 0.8666860165118679
    },
    "combined_accuracy": 0.3815789473684211,
    "average_accuracy": 0.7335526315789473,
    "decision_score": 0.6455592105263158
  },
  "total_time_seconds": 39.241454124450684
}