{
  "embedder": "flava-full",
  "config": {
    "type": "flava-full",
    "dim": 768,
    "description": "FLAVA full model - unified vision-language model"
  },
  "projection_mode": "native",
  "use_projection": false,
  "clustering": {
    "embedder": "flava-full",
    "n_samples": 1520,
    "n_clusters": 10,
    "silhouette_score": 0.04845432937145233,
    "adjusted_rand_index": 0.35197029188542167,
    "avg_intra_cluster_similarity": 0.9125181436538696,
    "avg_inter_cluster_similarity": 0.8699471950531006,
    "cluster_separation": 0.04257094860076904
  },
  "classification": {
    "embedder": "flava-full",
    "n_samples": 1520,
    "dataset_classification": {
      "cv_accuracy_mean": 0.9835526315789472,
      "cv_accuracy_std": 0.004160891658116266,
      "test_accuracy": 0.9868421052631579,
      "test_f1": 0.9857937383747014
    },
    "tool_classification": {
      "cv_accuracy_mean": 0.6638157894736841,
      "cv_accuracy_std": 0.2162503102330729,
      "test_accuracy": 0.694078947368421,
      "test_f1": 0.6561870819539221
    },
    "average_accuracy": 0.8404605263157894,
    "average_f1": 0.8209904101643117
  },
  "complexity": {
    "embedder": "flava-full",
    "n_samples": 1520,
    "regression": {
      "train_mse": 0.012944943502893786,
      "test_mse": 0.015037848094504331,
      "train_r2": 0.82131699754602,
      "test_r2": 0.7995993177503729
    },
    "ranking": {
      "spearman_train": 0.9016909556656777,
      "spearman_test": 0.8894630283417394,
      "pearson_test": 0.8951111688332627,
      "ranking_accuracy_train": 0.8564205653021443,
      "ranking_accuracy_test": 0.8489881882925134
    },
    "complexity_score": 0.8445311730460561
  },
  "retrieval": {
    "embedder": "flava-full",
    "n_samples": 1520,
    "n_queries_evaluated": 100,
    "within_dataset": {
      "recall_at_k_mean": 0.014842316211370103,
      "recall_at_k_std": 0.03548527374427795,
      "ndcg_at_k_mean": 0.995752465931864,
      "ndcg_at_k_std": 0.021473263636597864
    },
    "cross_dataset": {
      "recall_at_k_mean": 0.0002023631291923975,
      "recall_at_k_std": 0.0013363982168964298,
      "ndcg_at_k_mean": 0.012608140640215433,
      "ndcg_at_k_std": 0.07141302076781075
    },
    "combined_retrieval_score": 0.2558513214781604
  },
  "decision_prediction": {
    "embedder": "flava-full",
    "n_samples": 1520,
    "workflow_prediction": {
      "accuracy": 0.6743421052631579,
      "f1": 0.5869269625611186
    },
    "tool_prediction": {
      "accuracy": 0.6644736842105263,
      "f1": 0.6201754385964913
    },
    "budget_prediction": {
      "accuracy": 0.881578947368421,
      "f1": 0.8827565419080607
    },
    "combined_accuracy": 0.375,
    "average_accuracy": 0.7401315789473685,
    "decision_score": 0.6488486842105263
  },
  "total_time_seconds": 41.812169551849365
}