{
  "embedder": "jina-clip-v2",
  "config": {
    "type": "jina-clip-v2",
    "dim": 1024,
    "description": "Jina CLIP v2 - multilingual multimodal (supports 89 languages, 8192 tokens)"
  },
  "projection_mode": "projected",
  "use_projection": true,
  "clustering": {
    "embedder": "jina-clip-v2",
    "n_samples": 1520,
    "n_clusters": 10,
    "silhouette_score": 0.030869146808981895,
    "adjusted_rand_index": 0.3931605395022563,
    "avg_intra_cluster_similarity": 0.38075175881385803,
    "avg_inter_cluster_similarity": 0.47388237714767456,
    "cluster_separation": -0.09313061833381653
  },
  "classification": {
    "embedder": "jina-clip-v2",
    "n_samples": 1520,
    "dataset_classification": {
      "cv_accuracy_mean": 0.9894736842105262,
      "cv_accuracy_std": 0.006709236202095775,
      "test_accuracy": 0.9901315789473685,
      "test_f1": 0.9872439719989629
    },
    "tool_classification": {
      "cv_accuracy_mean": 0.6546052631578947,
      "cv_accuracy_std": 0.20278744859453016,
      "test_accuracy": 0.7105263157894737,
      "test_f1": 0.6810861158272024
    },
    "average_accuracy": 0.850328947368421,
    "average_f1": 0.8341650439130825
  },
  "complexity": {
    "embedder": "jina-clip-v2",
    "n_samples": 1520,
    "regression": {
      "train_mse": 0.010956657281995283,
      "test_mse": 0.014629705656359545,
      "train_r2": 0.8487619185384215,
      "test_r2": 0.8050383953727311
    },
    "ranking": {
      "spearman_train": 0.9137307880327499,
      "spearman_test": 0.8960020582380419,
      "pearson_test": 0.898419545095099,
      "ranking_accuracy_train": 0.8658327918561837,
      "ranking_accuracy_test": 0.852375369115859
    },
    "complexity_score": 0.8505202268053865
  },
  "retrieval": {
    "embedder": "jina-clip-v2",
    "n_samples": 1520,
    "n_queries_evaluated": 100,
    "within_dataset": {
      "recall_at_k_mean": 0.009859719438877755,
      "recall_at_k_std": 0.0007854075327561293,
      "ndcg_at_k_mean": 0.9929323564936223,
      "ndcg_at_k_std": 0.04725496700839462
    },
    "cross_dataset": {
      "recall_at_k_mean": 0.00016484900141409836,
      "recall_at_k_std": 0.001404753306424601,
      "ndcg_at_k_mean": 0.016825239337480282,
      "ndcg_at_k_std": 0.1173018251994135
    },
    "combined_retrieval_score": 0.2549455410678486
  },
  "decision_prediction": {
    "embedder": "jina-clip-v2",
    "n_samples": 1520,
    "workflow_prediction": {
      "accuracy": 0.694078947368421,
      "f1": 0.6760102075836402
    },
    "tool_prediction": {
      "accuracy": 0.7105263157894737,
      "f1": 0.666937840899732
    },
    "budget_prediction": {
      "accuracy": 0.875,
      "f1": 0.875
    },
    "combined_accuracy": 0.47039473684210525,
    "average_accuracy": 0.7598684210526315,
    "decision_score": 0.6875
  },
  "total_time_seconds": 359.49737453460693
}