{
  "embedder": "siglip-base",
  "config": {
    "type": "siglip-google/siglip-base-patch16-224",
    "dim": 768,
    "description": "SigLIP base patch16-224"
  },
  "projection_mode": "projected",
  "use_projection": true,
  "clustering": {
    "embedder": "siglip-base",
    "n_samples": 1520,
    "n_clusters": 10,
    "silhouette_score": 0.034736376255750656,
    "adjusted_rand_index": 0.3806987952323815,
    "avg_intra_cluster_similarity": 0.6830266118049622,
    "avg_inter_cluster_similarity": 0.6771485209465027,
    "cluster_separation": 0.005878090858459473
  },
  "classification": {
    "embedder": "siglip-base",
    "n_samples": 1520,
    "dataset_classification": {
      "cv_accuracy_mean": 0.9592105263157894,
      "cv_accuracy_std": 0.015512929108620522,
      "test_accuracy": 0.9572368421052632,
      "test_f1": 0.9570061147064095
    },
    "tool_classification": {
      "cv_accuracy_mean": 0.6697368421052632,
      "cv_accuracy_std": 0.2043353694623043,
      "test_accuracy": 0.6644736842105263,
      "test_f1": 0.6278571705201192
    },
    "average_accuracy": 0.8108552631578947,
    "average_f1": 0.7924316426132644
  },
  "complexity": {
    "embedder": "siglip-base",
    "n_samples": 1520,
    "regression": {
      "train_mse": 0.010730313397312282,
      "test_mse": 0.015351468860548457,
      "train_r2": 0.8518862121974256,
      "test_r2": 0.7954198756461623
    },
    "ranking": {
      "spearman_train": 0.9164596477772827,
      "spearman_test": 0.8740641705010963,
      "pearson_test": 0.8920775591110568,
      "ranking_accuracy_train": 0.8688853692874161,
      "ranking_accuracy_test": 0.8398037172138266
    },
    "complexity_score": 0.8347420230736293
  },
  "retrieval": {
    "embedder": "siglip-base",
    "n_samples": 1520,
    "n_queries_evaluated": 100,
    "within_dataset": {
      "recall_at_k_mean": 0.009278557114228455,
      "recall_at_k_std": 0.0018938670976082982,
      "ndcg_at_k_mean": 0.9675620715196321,
      "ndcg_at_k_std": 0.14730162966892194
    },
    "cross_dataset": {
      "recall_at_k_mean": 0.0008278120181917074,
      "recall_at_k_std": 0.002557671885673536,
      "ndcg_at_k_mean": 0.06931767775850496,
      "ndcg_at_k_std": 0.20845373053399427
    },
    "combined_retrieval_score": 0.26174652960263933
  },
  "decision_prediction": {
    "embedder": "siglip-base",
    "n_samples": 1520,
    "workflow_prediction": {
      "accuracy": 0.75,
      "f1": 0.7454819999080519
    },
    "tool_prediction": {
      "accuracy": 0.6907894736842105,
      "f1": 0.6469090877153948
    },
    "budget_prediction": {
      "accuracy": 0.881578947368421,
      "f1": 0.8819889539786446
    },
    "combined_accuracy": 0.5131578947368421,
    "average_accuracy": 0.774122807017544,
    "decision_score": 0.7088815789473685
  },
  "total_time_seconds": 33.0124785900116
}