{
  "embedder": "siglip-large",
  "config": {
    "type": "siglip-google/siglip-large-patch16-384",
    "dim": 1024,
    "description": "SigLIP large patch16-384"
  },
  "projection_mode": "projected",
  "use_projection": true,
  "clustering": {
    "embedder": "siglip-large",
    "n_samples": 1520,
    "n_clusters": 10,
    "silhouette_score": 0.07959713041782379,
    "adjusted_rand_index": 0.3740523931173851,
    "avg_intra_cluster_similarity": 0.6154512166976929,
    "avg_inter_cluster_similarity": 0.599707305431366,
    "cluster_separation": 0.015743911266326904
  },
  "classification": {
    "embedder": "siglip-large",
    "n_samples": 1520,
    "dataset_classification": {
      "cv_accuracy_mean": 0.9289473684210527,
      "cv_accuracy_std": 0.012925580726571358,
      "test_accuracy": 0.9046052631578947,
      "test_f1": 0.9021239612986761
    },
    "tool_classification": {
      "cv_accuracy_mean": 0.6710526315789472,
      "cv_accuracy_std": 0.21446762987902854,
      "test_accuracy": 0.6677631578947368,
      "test_f1": 0.6297158983630385
    },
    "average_accuracy": 0.7861842105263157,
    "average_f1": 0.7659199298308573
  },
  "complexity": {
    "embedder": "siglip-large",
    "n_samples": 1520,
    "regression": {
      "train_mse": 0.010798198448519852,
      "test_mse": 0.016367604957863782,
      "train_r2": 0.8509491741355136,
      "test_r2": 0.781878419057378
    },
    "ranking": {
      "spearman_train": 0.9135877064001696,
      "spearman_test": 0.8756163633853877,
      "pearson_test": 0.8843680558290974,
      "ranking_accuracy_train": 0.8677239008013862,
      "ranking_accuracy_test": 0.8405419489317353
    },
    "complexity_score": 0.8287473912213829
  },
  "retrieval": {
    "embedder": "siglip-large",
    "n_samples": 1520,
    "n_queries_evaluated": 100,
    "within_dataset": {
      "recall_at_k_mean": 0.009018036072144287,
      "recall_at_k_std": 0.0022761155694590277,
      "ndcg_at_k_mean": 0.9485854128340787,
      "ndcg_at_k_std": 0.18071286738614104
    },
    "cross_dataset": {
      "recall_at_k_mean": 0.0019174409434133501,
      "recall_at_k_std": 0.004692588491177355,
      "ndcg_at_k_mean": 0.13148309224527602,
      "ndcg_at_k_std": 0.2799071619635021
    },
    "combined_retrieval_score": 0.2727509955237281
  },
  "decision_prediction": {
    "embedder": "siglip-large",
    "n_samples": 1520,
    "workflow_prediction": {
      "accuracy": 0.7532894736842105,
      "f1": 0.752130979265221
    },
    "tool_prediction": {
      "accuracy": 0.6907894736842105,
      "f1": 0.6469090877153948
    },
    "budget_prediction": {
      "accuracy": 0.875,
      "f1": 0.8758111298745973
    },
    "combined_accuracy": 0.5,
    "average_accuracy": 0.7730263157894738,
    "decision_score": 0.7047697368421053
  },
  "total_time_seconds": 57.586265563964844
}