{
  "model_id": "openai/gpt-4o-mini",
  "dataset": "medqa",
  "diversity": {
    "reasoner": {
      "uniqueness": 0.1081128716468811,
      "strategy_coverage": 0.16666666666666666,
      "semantic_diversity": 0.22496774792671204
    },
    "verifier": {
      "uniqueness": 0.04752051830291748,
      "strategy_coverage": 0.16666666666666666,
      "semantic_diversity": 0.0
    },
    "answerer": {
      "uniqueness": 0.1722337007522583,
      "strategy_coverage": 0.3333333333333333,
      "semantic_diversity": 0.0
    },
    "overall": {
      "uniqueness": 0.16482192277908325,
      "strategy_coverage": 0.5,
      "semantic_diversity": 0.32399964332580566
    }
  },
  "quality": {
    "reasoner": {
      "coherence": 5.5,
      "specificity": 0.227566659450531,
      "clarity": 5.5
    },
    "verifier": {
      "coherence": 5.5,
      "specificity": 0.18551138639450074,
      "clarity": 5.5
    },
    "answerer": {
      "coherence": 5.5,
      "specificity": 0.14632097482681275,
      "clarity": 5.5
    },
    "overall": {
      "coherence": 5.5,
      "specificity": 0.19130167189766378,
      "clarity": 5.5
    }
  }
}