{
  "model_id": "openai/gpt-4o-mini",
  "dataset": "aime25",
  "diversity": {
    "reasoner": {
      "uniqueness": 0.10038673877716064,
      "strategy_coverage": 0.16666666666666666,
      "semantic_diversity": 0.1722804307937622
    },
    "verifier": {
      "uniqueness": 0.085773766040802,
      "strategy_coverage": 0.3333333333333333,
      "semantic_diversity": 0.0
    },
    "answerer": {
      "uniqueness": 0.1486215591430664,
      "strategy_coverage": 0.3333333333333333,
      "semantic_diversity": 0.0
    },
    "overall": {
      "uniqueness": 0.16159218549728394,
      "strategy_coverage": 0.5,
      "semantic_diversity": 0.2533195912837982
    }
  },
  "quality": {
    "reasoner": {
      "coherence": 5.5,
      "specificity": 0.17184025049209595,
      "clarity": 5.5
    },
    "verifier": {
      "coherence": 5.5,
      "specificity": 0.17413114309310912,
      "clarity": 5.5
    },
    "answerer": {
      "coherence": 5.5,
      "specificity": 0.16166939735412597,
      "clarity": 5.5
    },
    "overall": {
      "coherence": 5.5,
      "specificity": 0.16952261504004984,
      "clarity": 5.5
    }
  }
}