{
  "model_id": "openai/gpt-4-turbo",
  "dataset": "hotpotqa",
  "diversity": {
    "reasoner": {
      "uniqueness": 0.1348057985305786,
      "strategy_coverage": 0.3333333333333333,
      "semantic_diversity": 0.16385947167873383
    },
    "verifier": {
      "uniqueness": 0.046682536602020264,
      "strategy_coverage": 0.16666666666666666,
      "semantic_diversity": 0.0
    },
    "answerer": {
      "uniqueness": 0.13070595264434814,
      "strategy_coverage": 0.16666666666666666,
      "semantic_diversity": 0.0
    },
    "overall": {
      "uniqueness": 0.14967137575149536,
      "strategy_coverage": 0.3333333333333333,
      "semantic_diversity": 0.32455769181251526
    }
  },
  "quality": {
    "reasoner": {
      "coherence": 5.5,
      "specificity": 0.16955193451472692,
      "clarity": 5.5
    },
    "verifier": {
      "coherence": 5.5,
      "specificity": 0.16786314249038697,
      "clarity": 5.5
    },
    "answerer": {
      "coherence": 5.5,
      "specificity": 0.14540293216705322,
      "clarity": 6.0
    },
    "overall": {
      "coherence": 5.5,
      "specificity": 0.16195258322884054,
      "clarity": 5.647058823529412
    }
  }
}