{
  "model_id": "mistralai/mistral-large",
  "dataset": "gaia",
  "diversity": {
    "reasoner": {
      "uniqueness": 0.16601771116256714,
      "strategy_coverage": 0.16666666666666666,
      "semantic_diversity": 0.12477444112300873
    },
    "verifier": {
      "uniqueness": 0.16131430864334106,
      "strategy_coverage": 0.3333333333333333,
      "semantic_diversity": 0.0
    },
    "answerer": {
      "uniqueness": 0.18177354335784912,
      "strategy_coverage": 0.5,
      "semantic_diversity": 0.0
    },
    "overall": {
      "uniqueness": 0.20051509141921997,
      "strategy_coverage": 0.6666666666666666,
      "semantic_diversity": 0.14111125469207764
    }
  },
  "quality": {
    "reasoner": {
      "coherence": 5.5,
      "specificity": 0.23704794475010463,
      "clarity": 5.5
    },
    "verifier": {
      "coherence": 5.5,
      "specificity": 0.2194149136543274,
      "clarity": 5.5
    },
    "answerer": {
      "coherence": 5.5,
      "specificity": 0.18224955797195436,
      "clarity": 5.5
    },
    "overall": {
      "coherence": 5.5,
      "specificity": 0.21574458655189066,
      "clarity": 5.5
    }
  }
}