{
  "model_id": "google/gemini-2.5-pro",
  "dataset": "aime25",
  "diversity": {
    "reasoner": {
      "uniqueness": 0.16990715265274048,
      "strategy_coverage": 0.16666666666666666,
      "semantic_diversity": 0.22048456966876984
    },
    "verifier": {
      "uniqueness": 0.20328640937805176,
      "strategy_coverage": 0.16666666666666666,
      "semantic_diversity": 0.0
    },
    "answerer": {
      "uniqueness": 0.14445561170578003,
      "strategy_coverage": 0.16666666666666666,
      "semantic_diversity": 0.0
    },
    "overall": {
      "uniqueness": 0.19143176078796387,
      "strategy_coverage": 0.3333333333333333,
      "semantic_diversity": 0.20734471082687378
    }
  },
  "quality": {
    "reasoner": {
      "coherence": 3.5714285714285716,
      "specificity": 0.19171700307301112,
      "clarity": 2.9285714285714284
    },
    "verifier": {
      "coherence": 5.5,
      "specificity": 0.22908196449279786,
      "clarity": 3.7
    },
    "answerer": {
      "coherence": 5.5,
      "specificity": 0.17599694728851317,
      "clarity": 3.9
    },
    "overall": {
      "coherence": 4.705882352941177,
      "specificity": 0.19808315178927252,
      "clarity": 3.4411764705882355
    }
  }
}